{"_step":0,"temp":NaN,"test_acc":1,"_wandb":{"runtime":24},"lr":0.05,"train_acc":0.9959999918937683,"_timestamp":1.7383131148202338e+09,"_runtime":16.13037948,"best_acc":-1}