{"_timestamp":1.738313021290437e+09,"_wandb":{"runtime":19},"best_acc":-1,"_runtime":16.162387531,"test_acc":1,"temp":NaN,"lr":0.05,"_step":0,"train_acc":0.9979999661445618}