{"train_loss":8.612627983093262,"_runtime":1325.337721484,"train_acc":77.72000122070312,"_timestamp":1.738314538306904e+09,"test_acc":69.6500015258789,"_wandb":{"runtime":1325},"lr":5.0000000000000016e-05,"best_acc":69.86000061035156,"test_loss":1.061326503753662,"temp":2.000000476837158,"_step":99}