{"_timestamp":1.73830352065969e+09,"_step":99,"train_acc":77.44999694824219,"best_acc":69.38999938964844,"train_loss":8.679274559020996,"test_acc_top5":92.39999389648438,"test_loss":1.0750818252563477,"_wandb":{"runtime":1305},"test_acc":69.1500015258789,"_runtime":1305.301782109}