{"_timestamp":1.7383019381146877e+09,"_runtime":1312.897346626,"_step":99,"train_loss":8.721257209777832,"best_acc":69.6199951171875,"temp":2.000000476837158,"test_loss":1.0612066984176636,"train_acc":77.6259994506836,"lr":5.0000000000000016e-05,"test_acc":69.52999877929688,"_wandb":{"runtime":1312}}