{"test_acc":69.91999816894531,"train_acc":77.55599975585938,"_step":99,"lr":5.0000000000000016e-05,"best_acc":70.06999969482422,"train_loss":8.68450927734375,"_wandb":{"runtime":1319},"test_loss":1.0584412813186646,"_timestamp":1.7383113343312573e+09,"temp":2.000000476837158,"_runtime":1319.670080928}