{"_runtime":1311.330021014,"test_acc":69.31999969482422,"train_loss":13.22176742553711,"lr":5.0000000000000016e-05,"temp":4,"_step":99,"_wandb":{"runtime":1311},"test_loss":1.1213781833648682,"best_acc":69.52999877929688,"_timestamp":1.7383090571086316e+09,"train_acc":76.3239974975586}