{"temp":2.000000476837158,"_step":99,"best_acc":69.94999694824219,"train_loss":8.626111030578613,"test_loss":1.0619332790374756,"_wandb":{"runtime":1307},"test_acc":69.88999938964844,"lr":5.0000000000000016e-05,"train_acc":77.4679946899414,"_runtime":1307.893616716,"_timestamp":1.738315895774637e+09}