{"_wandb":{"runtime":1346},"test_loss":1.0551345348358154,"lr":5.0000000000000016e-05,"test_acc":69.91999816894531,"best_acc":70.12999725341797,"_runtime":1346.854029986,"train_acc":77.70800018310547,"train_loss":8.656194686889648,"temp":2.000000476837158,"_timestamp":1.7383064019286706e+09,"_step":99}