{"train_acc":77.6199951171875,"lr":5.0000000000000016e-05,"temp":2.000000476837158,"test_loss":1.0674818754196167,"_step":99,"_runtime":1334.657116512,"_wandb":{"runtime":1334},"best_acc":69.79999542236328,"test_acc":69.52999877929688,"train_loss":8.740907669067383,"_timestamp":1.738304969597036e+09}