{"best_acc":70.00999450683594,"test_acc":69.83000183105469,"train_acc":77.5979995727539,"_runtime":1280.722091871,"_wandb":{"runtime":1280},"_step":99,"temp":2,"lr":5.0000000000000016e-05,"_timestamp":1.7383127755790722e+09,"test_loss":1.064589262008667,"train_loss":8.696144104003906}